PLAYER,TEAM,GP,MIN,STL,BLK,PF,STL_per36,BLK_per36,PF_per36,Hustle_per36,Discipline_Hustle_Index
Victor Wembanyama,SAS,46,1527,52,176,105,1.225933202357564,4.149312377210216,2.4754420432220043,5.37524557956778,2.1714285714285713
Delon Wright,NYK,40,635,35,12,25,1.984251968503937,0.6803149606299213,1.4173228346456692,2.6645669291338585,1.8800000000000003
Jimmy Butler III,GSW,55,1746,77,18,52,1.5876288659793816,0.3711340206185567,1.0721649484536082,1.9587628865979383,1.826923076923077
Anthony Davis,DAL,51,1705,59,110,98,1.2457478005865104,2.32258064516129,2.069208211143695,3.5683284457478006,1.7244897959183674
Bol Bol,PHX,36,448,9,25,20,0.7232142857142858,2.0089285714285716,1.6071428571428572,2.7321428571428577,1.7000000000000002
Tyrese Haliburton,IND,73,2450,105,49,92,1.542857142857143,0.72,1.3518367346938776,2.262857142857143,1.673913043478261
Dyson Daniels,ATL,76,2571,229,55,175,3.206534422403734,0.7701283547257876,2.4504084014002334,3.9766627771295218,1.622857142857143
Jonathan Isaac,ORL,71,1090,61,80,90,2.014678899082569,2.6422018348623855,2.9724770642201834,4.656880733944954,1.5666666666666667
Robert Williams III,POR,20,351,13,33,31,1.3333333333333333,3.3846153846153846,3.1794871794871793,4.717948717948718,1.4838709677419357
Josh Okogie,CHA,40,625,48,18,47,2.7647999999999997,1.0368,2.7072000000000003,3.8015999999999996,1.404255319148936
Scottie Barnes,TOR,65,2134,93,63,113,1.5688847235238987,1.062792877225867,1.9062792877225867,2.6316776007497658,1.3805309734513274
John Konchar,MEM,46,558,30,14,32,1.935483870967742,0.903225806451613,2.064516129032258,2.838709677419355,1.375
Jalen Johnson,ATL,36,1284,56,36,67,1.5700934579439252,1.0093457943925233,1.8785046728971961,2.5794392523364484,1.373134328358209
Kawhi Leonard,LAC,37,1180,59,17,56,1.8,0.5186440677966102,1.7084745762711866,2.31864406779661,1.357142857142857
Walker Kessler,UTA,58,1740,36,138,130,0.7448275862068965,2.855172413793104,2.689655172413793,3.6000000000000005,1.3384615384615386
Dalano Banton,POR,67,1120,43,34,58,1.3821428571428571,1.0928571428571427,1.8642857142857143,2.4749999999999996,1.3275862068965516
T.J. McConnell,IND,79,1415,83,21,79,2.111660777385159,0.5342756183745583,2.009893992932862,2.6459363957597173,1.3164556962025318
Chet Holmgren,OKC,32,877,23,71,72,0.9441277080957811,2.9144811858608897,2.9555302166476625,3.8586088939566707,1.3055555555555556
Craig Porter Jr.,CLE,51,513,17,15,25,1.1929824561403508,1.0526315789473684,1.7543859649122806,2.245614035087719,1.28
Shai Gilgeous-Alexander,OKC,76,2598,131,77,164,1.8152424942263279,1.0669745958429562,2.272517321016166,2.8822170900692843,1.2682926829268295
Jeff Dowtin Jr.,PHI,41,621,24,12,29,1.391304347826087,0.6956521739130435,1.681159420289855,2.0869565217391304,1.2413793103448276
Evan Mobley,CLE,71,2167,61,113,141,1.0133825565297647,1.8772496538994001,2.342408860175358,2.890632210429165,1.2340425531914894
Dejounte Murray,NOP,31,1012,63,12,61,2.241106719367589,0.4268774703557312,2.1699604743083003,2.6679841897233203,1.2295081967213115
Tyus Jones,PHX,81,2174,69,8,63,1.1425942962281508,0.13247470101195952,1.0432382704691812,1.2750689972401104,1.2222222222222223
Kevin Durant,PHX,62,2265,50,77,104,0.794701986754967,1.223841059602649,1.652980132450331,2.0185430463576157,1.221153846153846
Eric Gordon,PHI,39,769,26,12,32,1.2171651495448634,0.5617685305591678,1.4980494148244474,1.7789336801040312,1.1875
Jarrett Allen,CLE,82,2296,77,73,127,1.207317073170732,1.1445993031358885,1.9912891986062717,2.3519163763066206,1.1811023622047248
Lonzo Ball,CHI,35,777,47,17,55,2.1776061776061777,0.7876447876447876,2.5482625482625485,2.9652509652509655,1.1636363636363636
Stephen Curry,GSW,70,2252,80,30,95,1.2788632326820604,0.4795737122557726,1.5186500888099466,1.758436944937833,1.1578947368421053
Brook Lopez,MIL,80,2546,50,148,171,0.7069913589945012,2.0926944226237234,2.417910447761194,2.7996857816182246,1.1578947368421053
David Roddy,HOU,33,410,14,9,20,1.229268292682927,0.7902439024390243,1.7560975609756098,2.0195121951219512,1.15
Alex Caruso,OKC,54,1041,87,30,102,3.0086455331412103,1.037463976945245,3.5273775216138326,4.046109510086455,1.147058823529412
Peyton Watson,DEN,68,1656,48,93,123,1.0434782608695652,2.0217391304347827,2.6739130434782608,3.0652173913043477,1.146341463414634
Olivier-Maxence Prosper,DAL,52,584,26,6,28,1.6027397260273972,0.3698630136986301,1.7260273972602738,1.9726027397260273,1.142857142857143
Amen Thompson,HOU,69,2225,97,89,167,1.569438202247191,1.44,2.7020224719101122,3.009438202247191,1.1137724550898203
Mouhamed Gueye,ATL,33,533,28,33,55,1.8911819887429644,2.2288930581613506,3.7148217636022514,4.120075046904315,1.1090909090909091
Derrick White,BOS,76,2574,72,80,138,1.006993006993007,1.118881118881119,1.9300699300699302,2.125874125874126,1.1014492753623186
LeBron James,LAL,70,2444,70,39,99,1.0310965630114566,0.5744680851063829,1.458265139116203,1.6055646481178396,1.101010101010101
Precious Achiuwa,NYK,57,1170,47,42,81,1.4461538461538463,1.2923076923076922,2.4923076923076923,2.7384615384615385,1.0987654320987654
Andrew Wiggins,MIA,60,1842,60,50,101,1.1726384364820848,0.977198697068404,1.9739413680781759,2.1498371335504887,1.0891089108910892
Devin Vassell,SAS,64,1983,84,33,108,1.5249621785173977,0.5990922844175491,1.9606656580937971,2.124054462934947,1.0833333333333333
Myles Turner,IND,72,2174,54,144,183,0.8942042318307267,2.3845446182152714,3.030358785648574,3.2787488500459983,1.0819672131147542
Tari Eason,HOU,57,1420,97,50,136,2.459154929577465,1.267605633802817,3.447887323943662,3.726760563380282,1.0808823529411766
Nic Claxton,BKN,70,1882,62,100,150,1.185972369819341,1.9128586609989373,2.869287991498406,3.0988310308182783,1.0799999999999998
Trevelin Queen,ORL,31,430,31,10,38,2.5953488372093023,0.8372093023255813,3.181395348837209,3.4325581395348834,1.0789473684210527
Nikola Jokić,DEN,70,2571,127,45,160,1.7782963827304552,0.6301050175029171,2.2403733955659275,2.4084014002333722,1.0750000000000002
Al Horford,BOS,60,1659,36,51,81,0.7811934900542495,1.1066907775768535,1.7576853526220615,1.8878842676311032,1.0740740740740742
Cason Wallace,OKC,68,1876,120,35,145,2.3027718550106613,0.6716417910447761,2.7825159914712154,2.9744136460554373,1.0689655172413794
James Harden,LAC,79,2789,118,55,162,1.5231265686626032,0.7099318752240946,2.091072068841879,2.233058443886698,1.0679012345679013
Jevon Carter,CHI,36,321,13,3,15,1.4579439252336448,0.3364485981308411,1.6822429906542056,1.794392523364486,1.0666666666666667
Santi Aldama,MEM,65,1660,52,29,76,1.1277108433734941,0.6289156626506025,1.6481927710843371,1.7566265060240966,1.0657894736842108
Josh Giddey,CHI,70,2117,84,45,122,1.428436466698158,0.7652338214454416,2.074633915918753,2.1936702881435997,1.057377049180328
Colby Jones,WAS,39,515,26,13,37,1.8174757281553398,0.9087378640776699,2.586407766990291,2.7262135922330097,1.0540540540540542
Keon Ellis,SAC,80,1948,121,63,176,2.2361396303901437,1.164271047227926,3.2525667351129366,3.40041067761807,1.0454545454545454
Jordan Hawkins,NOP,56,1320,30,23,51,0.8181818181818182,0.6272727272727273,1.3909090909090909,1.4454545454545455,1.0392156862745099
OG Anunoby,NYK,74,2706,110,65,172,1.4634146341463414,0.8647450110864745,2.288248337028825,2.328159645232816,1.017441860465116
Zeke Nnaji,DEN,57,608,25,38,62,1.480263157894737,2.25,3.6710526315789473,3.730263157894737,1.0161290322580645
Tyler Herro,MIA,77,2725,69,17,85,0.911559633027523,0.22458715596330275,1.1229357798165138,1.1361467889908257,1.011764705882353
Cam Whitmore,HOU,51,827,31,13,44,1.3494558645707375,0.56590084643289,1.9153567110036274,1.9153567110036276,1.0000000000000002
Cam Reddish,LAL,33,589,33,10,43,2.0169779286926994,0.6112054329371817,2.628183361629881,2.628183361629881,1.0
Monté Morris,PHX,45,571,20,3,23,1.2609457092819616,0.18914185639229422,1.4500875656742558,1.4500875656742558,1.0
Jalen Williams,OKC,69,2237,111,46,158,1.7863209655789003,0.7402771569065713,2.5426911041573534,2.5265981224854714,0.9936708860759493
Alex Sarr,WAS,67,1814,44,101,146,0.8732083792723263,2.0044101433296584,2.8974641675854462,2.877618522601985,0.993150684931507
Kel'el Ware,MIA,64,1422,39,71,111,0.9873417721518988,1.7974683544303798,2.8101265822784813,2.7848101265822787,0.990990990990991
Klay Thompson,DAL,72,1965,50,30,81,0.916030534351145,0.549618320610687,1.483969465648855,1.465648854961832,0.9876543209876544
Reed Sheppard,HOU,52,654,35,17,53,1.926605504587156,0.9357798165137614,2.9174311926605503,2.862385321100917,0.9811320754716981
Goga Bitadze,ORL,70,1429,49,98,150,1.2344296710986704,2.468859342197341,3.7788663400979705,3.7032890132960112,0.98
Javonte Green,CLE,68,1258,65,31,98,1.8600953895071541,0.8871224165341812,2.8044515103338634,2.7472178060413355,0.9795918367346939
Kentavious Caldwell-Pope,MEM,77,2279,99,34,136,1.5638437911364633,0.5370776656428258,2.148310662571303,2.100921456779289,0.9779411764705882
Elfrid Payton,NOP,24,511,24,11,36,1.6908023483365948,0.7749510763209393,2.5362035225048922,2.4657534246575343,0.9722222222222223
Reece Beekman,BKN,36,469,33,2,36,2.533049040511727,0.15351812366737738,2.7633262260127935,2.6865671641791042,0.972222222222222
Jamal Murray,DEN,67,2418,91,33,128,1.3548387096774195,0.49131513647642683,1.9057071960297767,1.8461538461538463,0.96875
Jose Alvarado,NOP,56,1366,74,14,91,1.950219619326501,0.3689604685212299,2.398243045387994,2.3191800878477307,0.967032967032967
Tyrese Maxey,PHI,52,1960,91,21,116,1.6714285714285715,0.38571428571428573,2.1306122448979594,2.0571428571428574,0.9655172413793104
Miles Bridges,CHA,64,2029,44,45,93,0.7806801379990144,0.7984228684080829,1.6500739280433712,1.5791030064070972,0.956989247311828
Jordan Goodwin,LAL,29,543,30,11,43,1.9889502762430937,0.7292817679558011,2.8508287292817682,2.7182320441988947,0.9534883720930231
Tobias Harris,DET,73,2305,74,57,138,1.1557483731019524,0.8902386117136659,2.1553145336225596,2.0459869848156185,0.9492753623188407
Keaton Wallace,ATL,31,501,28,9,39,2.0119760479041915,0.6467065868263473,2.8023952095808387,2.658682634730539,0.9487179487179487
Anthony Edwards,MIN,79,2871,91,51,150,1.141065830721003,0.6394984326018809,1.8808777429467083,1.780564263322884,0.9466666666666668
Alec Burks,MIA,49,864,28,7,37,1.1666666666666665,0.29166666666666663,1.5416666666666667,1.458333333333333,0.9459459459459457
Justin Champagnie,WAS,62,1341,65,39,110,1.74496644295302,1.0469798657718121,2.953020134228188,2.791946308724832,0.9454545454545454
Jordan McLaughlin,SAS,46,314,16,1,18,1.8343949044585988,0.11464968152866242,2.0636942675159236,1.9490445859872612,0.9444444444444444
Paul George,PHI,41,1334,75,20,101,2.0239880059970012,0.5397301349325337,2.725637181409295,2.563718140929535,0.9405940594059405
P.J. Washington,DAL,57,1835,63,60,131,1.2359673024523161,1.1771117166212532,2.5700272479564035,2.413079019073569,0.9389312977099235
Blake Wesley,SAS,58,683,37,6,46,1.950219619326501,0.3162518301610542,2.424597364568082,2.266471449487555,0.9347826086956522
Luke Kennard,MEM,65,1472,50,5,59,1.2228260869565217,0.12228260869565218,1.4429347826086956,1.3451086956521738,0.9322033898305084
Bam Adebayo,MIA,78,2674,98,53,162,1.319371727748691,0.7135377711293942,2.181002243829469,2.032909498878085,0.9320987654320987
Yves Missi,NOP,73,1956,37,98,145,0.6809815950920245,1.8036809815950918,2.668711656441718,2.4846625766871164,0.9310344827586206
Mikal Bridges,NYK,82,3036,75,43,127,0.8893280632411067,0.5098814229249011,1.5059288537549407,1.3992094861660078,0.9291338582677166
Cody Martin,PHX,53,1173,56,32,95,1.7186700767263425,0.9820971867007673,2.915601023017903,2.70076726342711,0.9263157894736842
Jaime Jaquez Jr.,MIA,66,1368,61,14,81,1.6052631578947367,0.3684210526315789,2.131578947368421,1.9736842105263157,0.925925925925926
Jay Huff,MEM,64,748,16,56,78,0.7700534759358288,2.6951871657754007,3.7540106951871657,3.4652406417112296,0.923076923076923
Jrue Holiday,BOS,62,1896,66,27,101,1.2531645569620253,0.5126582278481012,1.9177215189873418,1.7658227848101267,0.9207920792079208
Caris LeVert,ATL,64,1596,57,33,99,1.2857142857142856,0.744360902255639,2.233082706766917,2.0300751879699246,0.9090909090909091
Patrick Williams,CHI,63,1576,48,32,88,1.0964467005076142,0.7309644670050761,2.0101522842639596,1.8274111675126903,0.909090909090909
Thomas Bryant,IND,66,963,28,41,76,1.046728971962617,1.5327102803738317,2.8411214953271027,2.5794392523364484,0.9078947368421052
Marcus Smart,WAS,34,680,39,9,53,2.064705882352941,0.4764705882352941,2.8058823529411763,2.541176470588235,0.9056603773584906
Kyle Anderson,MIA,61,1002,40,33,81,1.437125748502994,1.18562874251497,2.910179640718563,2.622754491017964,0.9012345679012346
Luke Kornet,BOS,73,1361,36,71,119,0.9522409992652461,1.8780308596620132,3.147685525349008,2.8302718589272593,0.8991596638655462
Larry Nance Jr.,ATL,24,463,20,13,37,1.5550755939524836,1.0107991360691144,2.876889848812095,2.565874730021598,0.8918918918918918
Kyrie Irving,DAL,50,1804,66,23,101,1.3170731707317072,0.458980044345898,2.015521064301552,1.7760532150776052,0.8811881188118811
Charles Bassey,SAS,36,376,14,30,50,1.3404255319148937,2.872340425531915,4.787234042553191,4.212765957446809,0.8800000000000002
Rudy Gobert,MIN,72,2388,56,104,182,0.8442211055276382,1.5678391959798994,2.7437185929648242,2.4120603015075375,0.879120879120879
Brandon Williams,DAL,33,487,24,5,33,1.7741273100616017,0.36960985626283366,2.4394250513347027,2.1437371663244353,0.8787878787878787
Giannis Antetokounmpo,MIL,67,2289,58,78,155,0.9121887287024902,1.2267365661861076,2.437745740498034,2.138925294888598,0.8774193548387098
Luka Dončić,LAL,50,1769,89,21,126,1.811192764273601,0.42736009044658,2.5641605426794802,2.238552854720181,0.873015873015873
Collin Gillespie,PHX,33,461,21,5,30,1.6399132321041217,0.39045553145336226,2.342733188720173,2.030368763557484,0.8666666666666669
Baylor Scheierman,BOS,31,384,17,2,22,1.59375,0.1875,2.0625,1.78125,0.8636363636363636
Brandin Podziemski,GSW,64,1716,69,13,95,1.4475524475524475,0.2727272727272727,1.993006993006993,1.7202797202797202,0.8631578947368421
Ivica Zubac,LAC,80,2624,55,90,168,0.7545731707317074,1.2347560975609757,2.3048780487804876,1.989329268292683,0.8630952380952382
Jalen Suggs,ORL,35,1002,51,33,98,1.8323353293413174,1.18562874251497,3.5209580838323356,3.0179640718562872,0.857142857142857
Bilal Coulibaly,WAS,59,1948,78,41,139,1.4414784394250513,0.757700205338809,2.568788501026694,2.1991786447638604,0.8561151079136691
Tre Jones,CHI,46,905,37,10,55,1.4718232044198896,0.39779005524861877,2.187845303867403,1.8696132596685082,0.8545454545454546
Paul Reed,DET,45,438,39,25,75,3.2054794520547945,2.054794520547945,6.164383561643835,5.260273972602739,0.8533333333333333
Fred VanVleet,HOU,60,2111,94,25,140,1.6030317385125534,0.4263382283278067,2.3874940786357177,2.02936996684036,0.8500000000000001
Brandon Boston,NOP,42,993,53,9,73,1.9214501510574018,0.3262839879154079,2.646525679758308,2.2477341389728096,0.8493150684931507
Trey Murphy III,NOP,53,1854,56,39,112,1.087378640776699,0.7572815533980582,2.174757281553398,1.8446601941747574,0.8482142857142858
Jordan Miller,LAC,37,420,17,5,26,1.4571428571428573,0.42857142857142855,2.2285714285714286,1.885714285714286,0.8461538461538463
Gary Harris,ORL,48,711,26,12,45,1.3164556962025316,0.6075949367088607,2.278481012658228,1.9240506329113922,0.8444444444444443
Julian Champagnie,SAS,82,1932,61,35,114,1.1366459627329193,0.6521739130434783,2.124223602484472,1.7888198757763976,0.8421052631578948
Ausar Thompson,DET,59,1328,98,40,164,2.6566265060240966,1.0843373493975903,4.445783132530121,3.740963855421687,0.8414634146341464
Mike Conley,MIN,71,1756,79,14,111,1.6195899772209565,0.2870159453302962,2.275626423690205,1.9066059225512526,0.8378378378378377
Trayce Jackson-Davis,GSW,62,967,23,38,73,0.8562564632885212,1.4146845915201653,2.717683557394002,2.2709410548086866,0.8356164383561643
Steven Adams,HOU,58,794,22,28,60,0.9974811083123426,1.269521410579345,2.7204030226700255,2.2670025188916876,0.8333333333333331
Chris Paul,SAS,82,2292,103,22,151,1.617801047120419,0.3455497382198953,2.3717277486910993,1.9633507853403143,0.827814569536424
Max Christie,DAL,78,2127,64,31,115,1.083215796897038,0.5246826516220028,1.9464033850493654,1.6078984485190406,0.8260869565217389
Damian Lillard,MIL,58,2093,70,10,97,1.2040133779264213,0.17200191113234592,1.6684185379837553,1.3760152890587671,0.8247422680412371
Daniel Gafford,DAL,57,1226,23,102,152,0.6753670473083198,2.99510603588907,4.463295269168026,3.6704730831973897,0.8223684210526315
Clint Capela,ATL,55,1176,34,53,106,1.0408163265306123,1.6224489795918369,3.2448979591836737,2.663265306122449,0.8207547169811321
Mark Williams,CHA,44,1171,32,54,105,0.9837745516652434,1.660119555935098,3.22801024765158,2.6438941076003415,0.819047619047619
Jaden McDaniels,MIN,82,2614,110,74,225,1.5149196633511859,1.0191277735271613,3.0986993114001526,2.534047436878347,0.8177777777777777
Matas Buzelis,CHI,80,1511,29,75,128,0.6909331568497684,1.786896095301125,3.0496360026472535,2.4778292521508933,0.8125
Kristaps Porziņģis,BOS,42,1210,31,63,116,0.9223140495867769,1.8743801652892562,3.4512396694214877,2.796694214876033,0.8103448275862069
Drew Eubanks,LAC,61,746,12,39,63,0.579088471849866,1.8820375335120643,3.040214477211796,2.46112600536193,0.8095238095238095
Anthony Black,ORL,78,1887,86,48,166,1.6406995230524641,0.9157392686804452,3.166931637519873,2.5564387917329094,0.8072289156626506
Wendell Moore Jr.,CHA,36,499,20,5,31,1.442885771543086,0.3607214428857715,2.2364729458917836,1.8036072144288575,0.8064516129032258
Donovan Mitchell,CLE,71,2232,95,17,140,1.532258064516129,0.27419354838709675,2.258064516129032,1.8064516129032258,0.8
Jerami Grant,POR,47,1524,41,46,109,0.968503937007874,1.0866141732283465,2.574803149606299,2.0551181102362204,0.7981651376146789
Jaren Jackson Jr.,MEM,74,2207,92,113,257,1.500679655641142,1.84322609877662,4.192115994562755,3.343905754417762,0.7976653696498055
Deandre Ayton,POR,40,1206,31,39,88,0.9253731343283582,1.164179104477612,2.626865671641791,2.08955223880597,0.7954545454545454
Ty Jerome,CLE,70,1392,78,3,102,2.0172413793103448,0.07758620689655173,2.6379310344827585,2.0948275862068964,0.7941176470588235
Caleb Martin,DAL,45,1218,46,23,87,1.3596059113300494,0.6798029556650247,2.571428571428571,2.039408866995074,0.7931034482758621
Nicolas Batum,LAC,78,1367,52,36,111,1.369422092172641,0.9480614484272128,2.9231894659839064,2.317483540599854,0.7927927927927929
Kevin Porter Jr.,MIL,75,1482,81,13,119,1.9676113360323888,0.3157894736842105,2.8906882591093117,2.2834008097165994,0.7899159663865547
Donte DiVincenzo,MIN,62,1606,73,17,114,1.6363636363636365,0.38107098381070986,2.5554171855541723,2.0174346201743463,0.7894736842105262
Moussa Diabaté,CHA,71,1241,46,40,109,1.3344077356970185,1.160354552780016,3.161966156325544,2.494762288477035,0.7889908256880734
Kris Murray,POR,69,1040,35,17,66,1.2115384615384615,0.5884615384615385,2.2846153846153845,1.7999999999999998,0.7878787878787878
Kris Dunn,LAC,74,1783,128,27,197,2.584408300616938,0.5451486259113852,3.9775659001682557,3.129556926528323,0.7868020304568528
Zion Williamson,NOP,30,857,37,27,82,1.5542590431738623,1.134189031505251,3.4445740956826136,2.6884480746791133,0.7804878048780488
Jakob Poeltl,TOR,57,1686,66,71,176,1.4092526690391458,1.516014234875445,3.7580071174377223,2.925266903914591,0.7784090909090909
Miles McBride,NYK,64,1593,67,17,108,1.5141242937853108,0.384180790960452,2.440677966101695,1.8983050847457628,0.7777777777777778
Moses Moody,GSW,74,1649,59,31,116,1.2880533656761672,0.6767738023044269,2.5324439053972103,1.964827167980594,0.7758620689655171
Aaron Wiggins,OKC,76,1744,60,18,101,1.2385321100917432,0.37155963302752293,2.084862385321101,1.6100917431192663,0.7722772277227723
Draymond Green,GSW,68,1983,99,70,219,1.7972768532526475,1.2708018154311649,3.9757942511346442,3.068078668683812,0.771689497716895
Jalen Green,HOU,82,2697,71,27,127,0.9477196885428254,0.3604004449388209,1.6952169076751946,1.3081201334816464,0.7716535433070867
Jordan Clarkson,UTA,37,962,31,9,52,1.1600831600831603,0.3367983367983368,1.945945945945946,1.496881496881497,0.7692307692307693
Grayson Allen,PHX,64,1544,54,19,95,1.2590673575129534,0.4430051813471503,2.215025906735751,1.7020725388601037,0.768421052631579
Jordan Walsh,BOS,52,403,12,11,30,1.0719602977667493,0.9826302729528537,2.6799007444168734,2.054590570719603,0.7666666666666666
Donovan Clingan,POR,67,1324,34,110,189,0.9244712990936557,2.990936555891239,5.138972809667674,3.9154078549848945,0.7619047619047619
Russell Westbrook,DEN,75,2092,106,37,188,1.8240917782026769,0.6367112810707457,3.2351816443594648,2.4608030592734225,0.7606382978723404
Adem Bona,PHI,58,905,26,69,125,1.0342541436464088,2.74475138121547,4.972375690607735,3.7790055248618786,0.76
Kai Jones,DAL,40,468,15,23,50,1.1538461538461537,1.7692307692307692,3.846153846153846,2.923076923076923,0.76
Dereck Lively II,DAL,36,833,20,56,100,0.8643457382953181,2.4201680672268906,4.321728691476591,3.2845138055222085,0.7599999999999999
Cameron Johnson,BKN,57,1800,53,25,104,1.06,0.5,2.08,1.56,0.75
Bismack Biyombo,SAS,28,528,16,23,52,1.0909090909090908,1.5681818181818183,3.5454545454545454,2.659090909090909,0.75
Trey Lyles,SAC,69,1350,41,23,86,1.0933333333333333,0.6133333333333334,2.2933333333333334,1.7066666666666666,0.7441860465116278
Naji Marshall,DAL,69,1919,70,11,109,1.3131839499739448,0.20635747785304845,2.044815007816571,1.5195414278269932,0.7431192660550459
Kevin Huerter,CHI,69,1679,66,23,121,1.41512805241215,0.4931506849315068,2.594401429422275,1.9082787373436567,0.7355371900826446
Day'Ron Sharpe,BKN,50,907,41,42,113,1.627342888643881,1.667034178610805,4.485115766262403,3.294377067254686,0.7345132743362833
Derrick Jones Jr.,LAC,77,1873,79,33,153,1.5184196476241325,0.6342765616657768,2.9407367859049653,2.1526962092899096,0.7320261437908497
Ousmane Dieng,OKC,37,405,17,7,33,1.511111111111111,0.6222222222222221,2.9333333333333336,2.1333333333333333,0.7272727272727272
Josh Hart,NYK,77,2897,119,27,201,1.4787711425612704,0.33551950293406974,2.497756299620297,1.81429064549534,0.7263681592039801
Jayson Tatum,BOS,72,2624,76,38,157,1.0426829268292683,0.5213414634146342,2.153963414634146,1.5640243902439024,0.7261146496815287
Toumani Camara,POR,78,2548,116,50,230,1.6389324960753533,0.706436420722135,3.249607535321821,2.3453689167974883,0.7217391304347827
Chris Boucher,TOR,50,862,24,25,68,1.0023201856148491,1.0440835266821344,2.839907192575406,2.046403712296984,0.7205882352941176
Norman Powell,LAC,60,1958,73,9,114,1.342185903983657,0.16547497446373852,2.0960163432073546,1.5076608784473955,0.7192982456140351
Spencer Dinwiddie,DAL,79,2136,70,17,121,1.1797752808988764,0.2865168539325843,2.039325842696629,1.4662921348314608,0.71900826446281
Christian Braun,DEN,79,2675,85,37,170,1.1439252336448598,0.49794392523364484,2.2878504672897195,1.6418691588785046,0.7176470588235294
KJ Simpson,CHA,36,842,34,6,56,1.453681710213777,0.25653206650831356,2.3942992874109263,1.7102137767220904,0.7142857142857143
Mo Bamba,NOP,32,413,9,31,56,0.784503631961259,2.702179176755448,4.88135593220339,3.486682808716707,0.7142857142857142
Darius Garland,CLE,75,2301,91,11,143,1.4237288135593222,0.17209908735332463,2.2372881355932206,1.5958279009126468,0.7132867132867132
Payton Pritchard,BOS,80,2271,70,14,118,1.1096433289299867,0.22192866578599735,1.870541611624835,1.331571994715984,0.7118644067796609
Trae Young,ATL,76,2739,91,12,145,1.1960569550930997,0.15772179627601313,1.9058050383351588,1.3537787513691129,0.7103448275862069
Onyeka Okongwu,ATL,74,2064,69,68,193,1.2034883720930232,1.186046511627907,3.366279069767442,2.3895348837209305,0.7098445595854923
Kyle Lowry,PHI,35,659,33,11,62,1.802731411229135,0.6009104704097117,3.386949924127466,2.4036418816388467,0.7096774193548386
Johnny Furphy,IND,50,379,18,11,41,1.7097625329815302,1.0448548812664908,3.8944591029023745,2.7546174142480213,0.7073170731707318
De'Aaron Fox,SAS,62,2241,91,25,164,1.4618473895582331,0.40160642570281124,2.6345381526104417,1.8634538152610443,0.7073170731707318
Harrison Barnes,SAS,82,2230,39,14,75,0.6295964125560538,0.22600896860986547,1.210762331838565,0.8556053811659192,0.7066666666666667
Isaiah Stewart,DET,72,1434,28,101,183,0.702928870292887,2.5355648535564854,4.594142259414226,3.2384937238493725,0.7049180327868853
Ochai Agbaji,TOR,64,1739,58,30,125,1.2006900517538814,0.621046578493387,2.587694077055779,1.8217366302472684,0.704
Keegan Murray,SAC,76,2610,61,69,186,0.8413793103448276,0.9517241379310345,2.56551724137931,1.793103448275862,0.6989247311827957
Terry Rozier,MIA,64,1658,37,14,73,0.8033775633293124,0.30398069963811825,1.5850422195416165,1.1073582629674306,0.6986301369863013
Buddy Hield,GSW,82,1863,69,23,132,1.3333333333333333,0.4444444444444444,2.550724637681159,1.7777777777777777,0.696969696969697
Herbert Jones,NOP,20,648,37,9,66,2.0555555555555554,0.5,3.6666666666666665,2.5555555555555554,0.6969696969696969
Quentin Grimes,PHI,75,2013,74,22,138,1.323397913561848,0.39344262295081966,2.46795827123696,1.7168405365126678,0.6956521739130435
Jamal Cain,NOP,37,502,23,9,46,1.649402390438247,0.6454183266932272,3.298804780876494,2.2948207171314743,0.6956521739130435
Alperen Sengun,HOU,76,2395,84,61,209,1.2626304801670145,0.9169102296450939,3.141544885177453,2.1795407098121085,0.6937799043062202
Nikola Vučević,CHI,73,2278,61,52,163,0.9640035118525022,0.8217734855136084,2.575943810359965,1.7857769973661106,0.6932515337423313
Naz Reid,MIN,80,2200,58,72,189,0.9490909090909091,1.1781818181818182,3.0927272727272728,2.1272727272727274,0.6878306878306879
Jarace Walker,IND,75,1187,54,25,115,1.637742207245156,0.7582139848357203,3.4877843302443137,2.3959561920808765,0.6869565217391305
D'Angelo Russell,BKN,58,1480,56,23,115,1.3621621621621622,0.5594594594594595,2.7972972972972974,1.9216216216216218,0.6869565217391305
Obi Toppin,IND,79,1545,46,28,108,1.0718446601941747,0.6524271844660194,2.5165048543689323,1.7242718446601941,0.6851851851851851
Austin Reaves,LAL,73,2550,81,22,151,1.1435294117647057,0.3105882352941176,2.131764705882353,1.4541176470588233,0.6821192052980131
John Collins,UTA,40,1221,39,40,116,1.1498771498771498,1.1793611793611793,3.42014742014742,2.329238329238329,0.6810344827586207
Kelly Oubre Jr.,PHI,60,2078,92,30,180,1.5938402309913378,0.519730510105871,3.1183830606352263,2.1135707410972087,0.6777777777777777
Rui Hachimura,LAL,59,1869,45,26,105,0.8667736757624398,0.5008025682182986,2.0224719101123596,1.3675762439807384,0.6761904761904762
Jarred Vanderbilt,LAL,36,581,35,10,67,2.1686746987951806,0.6196213425129087,4.151462994836488,2.7882960413080893,0.6716417910447762
Ricky Council IV,PHI,73,1250,32,13,67,0.9216000000000001,0.37439999999999996,1.9296,1.296,0.6716417910447762
Ryan Rollins,MIL,56,820,42,17,88,1.84390243902439,0.7463414634146341,3.8634146341463413,2.590243902439024,0.6704545454545454
Royce O'Neale,PHX,75,1837,67,34,151,1.3130103429504627,0.6663037561241154,2.959172563962983,1.9793140990745781,0.6688741721854304
Patty Mills,LAC,29,321,13,3,24,1.4579439252336448,0.3364485981308411,2.691588785046729,1.794392523364486,0.6666666666666667
Jaden Springer,UTA,43,365,24,4,42,2.3671232876712325,0.39452054794520547,4.142465753424657,2.761643835616438,0.6666666666666666
Zach Edey,MEM,66,1416,36,85,182,0.9152542372881356,2.1610169491525424,4.627118644067797,3.076271186440678,0.6648351648351649
Brandon Miller,CHA,27,924,29,20,74,1.12987012987013,0.7792207792207791,2.883116883116883,1.9090909090909092,0.6621621621621622
Paolo Banchero,ORL,46,1582,36,28,97,0.8192161820480405,0.6371681415929203,2.2073324905183314,1.4563843236409608,0.6597938144329897
Desmond Bane,ORL,69,2205,80,28,164,1.306122448979592,0.45714285714285713,2.6775510204081634,1.763265306122449,0.6585365853658537
Jonathan Kuminga,GSW,47,1144,38,21,90,1.1958041958041958,0.6608391608391608,2.832167832167832,1.8566433566433567,0.6555555555555556
Scotty Pippen Jr.,MEM,79,1683,103,30,203,2.2032085561497325,0.6417112299465241,4.342245989304812,2.8449197860962565,0.6551724137931034
Moritz Wagner,ORL,30,564,24,12,55,1.5319148936170213,0.7659574468085106,3.5106382978723403,2.297872340425532,0.6545454545454547
Jonathan Mogbo,TOR,63,1286,55,34,136,1.5396578538102643,0.9517884914463453,3.807153965785381,2.49144634525661,0.6544117647058824
Richaun Holmes,WAS,31,534,9,23,49,0.6067415730337078,1.550561797752809,3.303370786516854,2.157303370786517,0.6530612244897959
Franz Wagner,ORL,60,2023,75,21,147,1.3346515076618883,0.37370242214532867,2.615916955017301,1.708353929807217,0.6530612244897959
Shaedon Sharpe,POR,72,2252,62,16,120,0.9911190053285969,0.2557726465364121,1.9182948490230904,1.2468916518650088,0.65
Sandro Mamukelashvili,SAS,61,681,22,17,60,1.1629955947136565,0.8986784140969163,3.1718061674008813,2.0616740088105727,0.6499999999999999
Bobby Portis,MIL,49,1244,35,26,94,1.0128617363344052,0.752411575562701,2.720257234726688,1.7652733118971062,0.6489361702127661
Ja Morant,MEM,50,1519,61,12,113,1.445687952600395,0.2843976300197498,2.6780776826859776,1.730085582620145,0.6460176991150443
Jaylin Williams,OKC,47,784,22,29,79,1.010204081632653,1.3316326530612246,3.627551020408163,2.3418367346938775,0.6455696202531646
Jake LaRavia,SAC,66,1349,62,23,132,1.6545589325426242,0.6137879911045219,3.5226093402520386,2.268346923647146,0.6439393939393939
Jalen Smith,CHI,64,962,17,44,95,0.6361746361746362,1.6465696465696467,3.5550935550935554,2.2827442827442828,0.6421052631578947
Devin Carter,SAC,36,396,21,4,39,1.9090909090909092,0.36363636363636365,3.5454545454545454,2.272727272727273,0.6410256410256411
Haywood Highsmith,MIA,74,1818,68,37,164,1.3465346534653464,0.7326732673267327,3.2475247524752477,2.0792079207920793,0.6402439024390244
Gary Payton II,GSW,62,927,52,17,108,2.0194174757281553,0.6601941747572815,4.194174757281553,2.6796116504854366,0.6388888888888888
Isaiah Hartenstein,OKC,57,1590,47,62,171,1.0641509433962264,1.4037735849056603,3.871698113207547,2.4679245283018867,0.6374269005847953
Cade Cunningham,DET,70,2452,71,53,195,1.0424143556280587,0.7781402936378466,2.8629690048939644,1.8205546492659055,0.6358974358974359
Duop Reath,POR,46,469,12,14,41,0.9211087420042644,1.0746268656716418,3.1471215351812365,1.9957356076759063,0.6341463414634148
Lauri Markkanen,UTA,47,1476,33,17,79,0.8048780487804879,0.41463414634146345,1.9268292682926829,1.2195121951219514,0.6329113924050634
Bradley Beal,PHX,53,1702,58,28,136,1.226792009400705,0.5922444183313749,2.8766157461809634,1.8190364277320799,0.6323529411764706
Jalen Pickett,DEN,49,666,19,5,38,1.027027027027027,0.2702702702702703,2.054054054054054,1.2972972972972974,0.6315789473684211
Kessler Edwards,DAL,40,608,19,20,62,1.125,1.1842105263157894,3.6710526315789473,2.3092105263157894,0.6290322580645161
DeMar DeRozan,SAC,77,2768,62,32,150,0.8063583815028902,0.41618497109826585,1.9508670520231215,1.222543352601156,0.6266666666666666
Malik Monk,SAC,65,2054,61,38,158,1.0691333982473223,0.6660175267770204,2.769230769230769,1.7351509250243429,0.6265822784810127
Antonio Reeves,NOP,44,660,21,4,40,1.1454545454545453,0.21818181818181817,2.1818181818181817,1.3636363636363635,0.625
Malik Beasley,DET,82,2283,73,5,125,1.1511169513797634,0.07884362680683311,1.971090670170828,1.2299605781865965,0.624
Jaylen Clark,MIN,40,522,36,2,61,2.4827586206896552,0.13793103448275862,4.206896551724138,2.6206896551724137,0.6229508196721312
Justin Edwards,PHI,44,1155,45,16,98,1.4025974025974026,0.4987012987012987,3.0545454545454547,1.9012987012987013,0.6224489795918366
Nikola Jović,MIA,46,1156,38,13,82,1.1833910034602075,0.4048442906574395,2.5536332179930796,1.588235294117647,0.6219512195121951
Sam Hauser,BOS,71,1541,41,13,87,0.9578195976638546,0.3036988968202466,2.0324464633354964,1.2615184944841011,0.6206896551724138
Deni Avdija,POR,72,2161,71,35,171,1.182785747339195,0.5830633965756594,2.8486811661267932,1.7658491439148545,0.6198830409356726
Bruce Brown,NOP,41,922,34,10,71,1.3275488069414316,0.39045553145336226,2.772234273318872,1.7180043383947938,0.6197183098591549
Tosan Evbuomwan,BKN,28,665,24,10,55,1.299248120300752,0.5413533834586466,2.977443609022556,1.8406015037593986,0.6181818181818183
Keldon Johnson,SAS,77,1838,49,22,115,0.9597388465723612,0.4309031556039173,2.252448313384113,1.3906420021762784,0.6173913043478261
Dean Wade,CLE,59,1253,42,20,101,1.2067039106145252,0.5746209098164405,2.9018355945730248,1.7813248204309657,0.6138613861386139
Gary Trent Jr.,MIL,74,1893,72,4,124,1.3692551505546753,0.07606973058637084,2.358161648177496,1.4453248811410462,0.6129032258064517
Lindy Waters III,DET,52,778,27,11,62,1.2493573264781492,0.5089974293059125,2.8688946015424164,1.7583547557840618,0.6129032258064516
Brandon Clarke,MEM,64,1207,52,36,145,1.5509527754763877,1.0737365368682683,4.324772162386081,2.624689312344656,0.6068965517241379
Andre Drummond,PHI,40,751,39,18,94,1.8695073235685753,0.862849533954727,4.505992010652464,2.7323568575233024,0.6063829787234042
Quenton Jackson,IND,28,381,21,5,43,1.984251968503937,0.47244094488188976,4.062992125984252,2.456692913385827,0.6046511627906977
Svi Mykhailiuk,UTA,38,760,19,7,43,0.9,0.33157894736842103,2.036842105263158,1.231578947368421,0.6046511627906977
Nickeil Alexander-Walker,MIN,82,2073,50,34,139,0.8683068017366137,0.5904486251808971,2.4138929088277856,1.4587554269175107,0.60431654676259
Ziaire Williams,BKN,63,1541,62,28,149,1.4484101232965607,0.6541207008436081,3.4808565866320573,2.102530824140169,0.6040268456375839
Andrew Nembhard,IND,65,1881,79,11,149,1.5119617224880382,0.21052631578947367,2.8516746411483256,1.7224880382775118,0.6040268456375838
Jaxson Hayes,LAL,56,1093,31,51,136,1.0210430009149132,1.6797804208600182,4.479414455626715,2.700823421774931,0.6029411764705882
Malcolm Brogdon,WAS,24,564,13,5,30,0.8297872340425532,0.3191489361702128,1.9148936170212767,1.148936170212766,0.6
Cory Joseph,ORL,50,612,26,4,50,1.5294117647058825,0.23529411764705882,2.9411764705882355,1.7647058823529413,0.6
Jaylen Brown,BOS,63,2158,73,19,154,1.2177942539388322,0.3169601482854495,2.569045412418906,1.5347544022242818,0.5974025974025975
Zaccharie Risacher,ATL,75,1843,52,37,149,1.0157352143244711,0.7227346717308736,2.910472056429734,1.7384698860553447,0.5973154362416108
Tristan Vukcevic,WAS,35,513,11,23,57,0.7719298245614035,1.6140350877192982,4.0,2.3859649122807016,0.5964912280701754
Dorian Finney-Smith,LAL,63,1819,58,23,136,1.147883452446399,0.45519516217702033,2.691588785046729,1.6030786146234193,0.5955882352941176
Karlo Matković,NOP,42,791,22,41,106,1.0012642225031605,1.865992414664981,4.824273072060683,2.8672566371681416,0.5943396226415094
Pascal Siakam,IND,78,2548,70,42,189,0.989010989010989,0.5934065934065934,2.67032967032967,1.5824175824175826,0.5925925925925927
Vít Krejčí,ATL,57,1153,36,26,105,1.124024284475282,0.8117953165654813,3.2784041630529055,1.9358196010407633,0.5904761904761905
Torrey Craig,BOS,26,314,8,12,34,0.9171974522292994,1.375796178343949,3.8980891719745223,2.2929936305732483,0.5882352941176471
Kyshawn George,WAS,68,1802,68,50,201,1.3584905660377358,0.9988901220865705,4.0155382907880135,2.357380688124306,0.5870646766169153
Stephon Castle,SAS,81,2162,74,22,164,1.2321924144310823,0.36632747456059206,2.730804810360777,1.5985198889916743,0.5853658536585366
Jeremiah Robinson-Earl,NOP,66,1239,39,7,79,1.1331719128329298,0.2033898305084746,2.2953995157384988,1.3365617433414045,0.5822784810126583
Jaden Ivey,DET,30,898,28,11,67,1.1224944320712695,0.44097995545657015,2.6859688195991094,1.5634743875278396,0.5820895522388059
DeAndre Jordan,DEN,56,691,16,27,74,0.833574529667149,1.4066570188133138,3.8552821997105644,2.240231548480463,0.581081081081081
Ayo Dosunmu,CHI,46,1394,43,18,105,1.1104734576757531,0.4648493543758967,2.7116212338593972,1.5753228120516498,0.580952380952381
Zach LaVine,SAC,74,2603,58,12,121,0.8021513638109873,0.1659623511333077,1.6734537072608529,0.968113714944295,0.5785123966942148
Seth Curry,CHA,68,1062,27,7,59,0.9152542372881356,0.23728813559322035,2.0,1.152542372881356,0.576271186440678
Khris Middleton,WAS,37,843,35,8,75,1.494661921708185,0.3416370106761566,3.2028469750889683,1.8362989323843415,0.5733333333333333
Ben Simmons,LAC,51,1120,38,23,107,1.2214285714285713,0.7392857142857143,3.439285714285714,1.9607142857142856,0.5700934579439253
Jalen Duren,DET,78,2034,54,89,251,0.9557522123893805,1.5752212389380529,4.442477876106195,2.5309734513274336,0.5697211155378485
Marcus Sasser,DET,57,811,37,4,72,1.6424167694204685,0.17755856966707767,3.196054254007398,1.8199753390875462,0.5694444444444445
Jusuf Nurkić,CHA,51,1063,40,34,130,1.3546566321730948,1.1514581373471309,4.402634054562559,2.5061147695202255,0.5692307692307692
Rob Dillingham,MIN,49,516,20,1,37,1.3953488372093024,0.06976744186046512,2.5813953488372094,1.4651162790697674,0.5675675675675675
Luguentz Dort,OKC,71,2073,79,39,208,1.3719247467438493,0.6772793053545586,3.6121562952243127,2.049204052098408,0.5673076923076922
Jared Butler,PHI,60,1044,42,13,97,1.4482758620689655,0.44827586206896547,3.344827586206897,1.896551724137931,0.5670103092783505
GG Jackson,MEM,29,459,12,5,30,0.9411764705882353,0.3921568627450981,2.3529411764705883,1.3333333333333335,0.5666666666666668
Neemias Queta,BOS,62,863,18,42,106,0.7508690614136733,1.7520278099652375,4.421784472769409,2.502896871378911,0.5660377358490567
CJ McCollum,NOP,56,1832,46,24,124,0.9039301310043668,0.47161572052401746,2.4366812227074237,1.3755458515283843,0.564516129032258
Jordan Poole,WAS,68,2001,86,27,201,1.5472263868065965,0.4857571214392804,3.616191904047976,2.032983508245877,0.5621890547263682
Michael Porter Jr.,DEN,77,2593,50,38,157,0.6941766293868107,0.5275742383339761,2.1797146162745853,1.221750867720787,0.5605095541401275
Micah Potter,UTA,38,705,14,14,50,0.7148936170212766,0.7148936170212766,2.5531914893617023,1.4297872340425533,0.5599999999999999
Reggie Jackson,PHI,31,384,16,3,34,1.5,0.28125,3.1875,1.78125,0.5588235294117647
Oso Ighodaro,PHX,61,1046,28,29,102,0.9636711281070747,0.9980879541108987,3.5105162523900573,1.9617590822179733,0.5588235294117647
Tyrese Martin,BKN,60,1315,34,9,77,0.9307984790874525,0.24638783269961978,2.1079847908745246,1.1771863117870722,0.5584415584415584
Ja'Kobe Walter,TOR,52,1103,43,10,95,1.403445149592022,0.3263825929283771,3.100634632819583,1.7298277425203992,0.5578947368421053
Lonnie Walker IV,PHI,20,477,10,5,27,0.7547169811320755,0.37735849056603776,2.0377358490566038,1.1320754716981134,0.5555555555555557
Anfernee Simons,POR,70,2292,60,5,117,0.9424083769633508,0.07853403141361257,1.837696335078534,1.0209424083769634,0.5555555555555556
Coby White,CHI,74,2450,69,16,154,1.013877551020408,0.23510204081632655,2.262857142857143,1.2489795918367346,0.5519480519480519
Maxwell Lewis,BKN,28,328,9,7,29,0.9878048780487805,0.7682926829268293,3.1829268292682924,1.7560975609756098,0.5517241379310346
Taurean Prince,MIL,80,2166,76,15,165,1.263157894736842,0.24930747922437674,2.742382271468144,1.5124653739612188,0.5515151515151515
Isaiah Collier,UTA,71,1839,66,16,149,1.292006525285481,0.3132137030995106,2.9168026101141926,1.6052202283849917,0.5503355704697985
Jeremy Sochan,SAS,54,1364,45,27,131,1.1876832844574778,0.7126099706744868,3.4574780058651027,1.9002932551319647,0.5496183206106869
Christian Koloko,LAL,37,342,8,16,44,0.8421052631578947,1.6842105263157894,4.631578947368421,2.526315789473684,0.5454545454545454
Daniel Theis,NOP,38,621,18,20,70,1.0434782608695652,1.1594202898550723,4.057971014492754,2.2028985507246377,0.5428571428571428
Tristan da Silva,ORL,74,1629,33,18,94,0.7292817679558011,0.39779005524861877,2.0773480662983426,1.12707182320442,0.5425531914893617
Talen Horton-Tucker,CHI,58,724,21,11,59,1.0441988950276242,0.5469613259668508,2.9337016574585637,1.591160220994475,0.5423728813559322
Rayan Rupert,POR,52,460,16,4,37,1.2521739130434784,0.3130434782608696,2.895652173913043,1.565217391304348,0.5405405405405406
Sam Merrill,CLE,71,1401,53,14,124,1.3618843683083512,0.35974304068522484,3.1862955032119915,1.7216274089935761,0.5403225806451614
Josh Green,CHA,68,1888,74,15,165,1.4110169491525424,0.2860169491525424,3.1461864406779663,1.6970338983050848,0.5393939393939394
Kevon Looney,GSW,76,1142,46,37,154,1.4500875656742558,1.1663747810858143,4.854640980735552,2.61646234676007,0.5389610389610389
Julian Phillips,CHI,79,1123,38,20,108,1.2181656277827249,0.6411398040961709,3.462154942119323,1.8593054318788957,0.5370370370370371
Jabari Smith Jr.,HOU,57,1716,25,41,123,0.5244755244755245,0.8601398601398601,2.5804195804195804,1.3846153846153846,0.5365853658536586
Keon Johnson,BKN,79,1925,82,30,209,1.5335064935064935,0.561038961038961,3.9085714285714284,2.0945454545454547,0.5358851674641149
Alex Len,LAL,46,380,9,21,56,0.8526315789473684,1.9894736842105263,5.3052631578947365,2.8421052631578947,0.5357142857142857
Dominick Barlow,ATL,35,375,9,16,47,0.864,1.536,4.512,2.4,0.5319148936170213
Dwight Powell,DAL,55,551,18,21,75,1.176043557168784,1.3720508166969145,4.900181488203266,2.5480943738656983,0.52
Mason Plumlee,PHX,74,1300,33,47,154,0.9138461538461539,1.3015384615384615,4.264615384615385,2.2153846153846155,0.5194805194805194
Ryan Dunn,PHX,74,1410,44,40,162,1.123404255319149,1.0212765957446808,4.136170212765958,2.1446808510638298,0.5185185185185185
Dalen Terry,CHI,73,987,44,15,114,1.6048632218844983,0.547112462006079,4.1580547112462005,2.1519756838905773,0.5175438596491228
DaQuan Jeffries,CHA,47,1071,26,25,99,0.8739495798319328,0.8403361344537815,3.327731092436975,1.7142857142857144,0.5151515151515151
Tidjane Salaün,CHA,60,1244,29,14,84,0.8392282958199356,0.40514469453376206,2.4308681672025725,1.2443729903536977,0.5119047619047619
Cole Anthony,MEM,67,1234,45,32,151,1.3128038897893028,0.9335494327390599,4.405186385737439,2.2463533225283627,0.509933774834437
Garrison Mathews,ATL,47,830,26,15,81,1.1277108433734941,0.6506024096385542,3.513253012048193,1.7783132530120485,0.5061728395061729
Isaiah Joe,OKC,74,1604,48,9,113,1.0773067331670823,0.20199501246882792,2.536159600997506,1.2793017456359101,0.504424778761062
Guerschon Yabusele,PHI,70,1895,58,24,164,1.1018469656992085,0.45593667546174144,3.1155672823218996,1.5577836411609498,0.5
Taj Gibson,CHA,37,409,9,18,54,0.7921760391198044,1.5843520782396088,4.7530562347188265,2.3765281173594133,0.5
Isaac Jones,SAC,40,304,5,10,30,0.5921052631578947,1.1842105263157894,3.5526315789473686,1.776315789473684,0.49999999999999994
Cameron Payne,NYK,72,1090,39,16,111,1.288073394495413,0.5284403669724771,3.66605504587156,1.8165137614678901,0.4954954954954955
Keyonte George,UTA,67,2108,46,9,111,0.7855787476280834,0.1537001897533207,1.8956356736242885,0.9392789373814041,0.49549549549549543
Jalen Brunson,NYK,65,2301,60,8,138,0.9387222946544981,0.12516297262059975,2.1590612777053457,1.0638852672750978,0.49275362318840576
Nick Richards,PHX,57,1256,14,55,141,0.40127388535031844,1.5764331210191083,4.04140127388535,1.9777070063694266,0.48936170212765956
Brice Sensabaugh,UTA,71,1432,46,8,111,1.1564245810055866,0.2011173184357542,2.7905027932960893,1.3575418994413408,0.4864864864864865
Karl-Anthony Towns,NYK,72,2517,71,50,249,1.0154946364719906,0.7151370679380215,3.561382598331347,1.730631704410012,0.48594377510040154
Terance Mann,ATL,67,1414,47,15,128,1.1966053748231966,0.3818953323903819,3.258840169731259,1.5785007072135786,0.484375
Gradey Dick,TOR,54,1587,48,10,120,1.0888468809073724,0.22684310018903592,2.7221172022684312,1.3156899810964082,0.4833333333333333
Kenrich Williams,OKC,69,1132,43,10,110,1.3674911660777385,0.3180212014134276,3.498233215547703,1.685512367491166,0.4818181818181818
Landry Shamet,NYK,50,762,23,2,52,1.0866141732283465,0.09448818897637795,2.456692913385827,1.1811023622047245,0.4807692307692308
Davion Mitchell,MIA,74,2027,72,16,185,1.2787370498273312,0.284163788850518,3.2856438085841146,1.5629008386778491,0.4756756756756757
Jock Landale,HOU,42,500,13,10,49,0.9359999999999999,0.72,3.528,1.656,0.4693877551020408
Tim Hardaway Jr.,DET,77,2153,38,7,96,0.6353924756154203,0.11704598235020902,1.6052020436600094,0.7524384579656294,0.46874999999999994
Aaron Holiday,HOU,62,792,19,11,64,0.8636363636363635,0.5,2.909090909090909,1.3636363636363635,0.46874999999999994
Ronald Holland II,DET,81,1266,49,17,141,1.3933649289099526,0.4834123222748815,4.009478672985782,1.876777251184834,0.4680851063829786
Wendell Carter Jr.,ORL,68,1758,52,41,199,1.0648464163822526,0.8395904436860068,4.075085324232082,1.9044368600682593,0.46733668341708545
Kyle Kuzma,MIL,65,1936,36,19,119,0.6694214876033058,0.35330578512396693,2.212809917355372,1.0227272727272727,0.4621848739495798
Isaac Okoro,CLE,55,1053,32,16,104,1.0940170940170941,0.5470085470085471,3.5555555555555554,1.6410256410256412,0.4615384615384616
RJ Barrett,TOR,58,1869,46,17,137,0.8860353130016051,0.3274478330658106,2.63884430176565,1.2134831460674156,0.4598540145985401
Jonas Valančiūnas,SAC,81,1524,37,46,181,0.8740157480314961,1.0866141732283465,4.275590551181103,1.9606299212598426,0.4585635359116022
Aaron Nesmith,IND,45,1122,35,17,114,1.1229946524064172,0.5454545454545454,3.657754010695187,1.6684491978609626,0.456140350877193
Simone Fontecchio,DET,75,1237,31,12,95,0.9021827000808408,0.349232012934519,2.764753435731609,1.2514147130153597,0.4526315789473684
Caleb Houstan,ORL,58,788,22,6,62,1.0050761421319798,0.27411167512690354,2.83248730964467,1.2791878172588833,0.4516129032258065
Aaron Gordon,DEN,51,1447,23,14,82,0.572218382861092,0.34830684174153426,2.040082930200415,0.9205252246026262,0.45121951219512196
Malaki Branham,SAS,47,427,11,2,29,0.927400468384075,0.1686182669789227,2.4449648711943794,1.0960187353629978,0.4482758620689655
Jabari Walker,POR,60,749,33,6,87,1.5861148197596795,0.2883845126835781,4.181575433911883,1.8744993324432575,0.4482758620689654
Scoot Henderson,POR,66,1759,68,13,181,1.3916998294485503,0.26606026151222284,3.704377487208641,1.6577600909607733,0.4475138121546962
Jericho Sims,MIL,53,631,10,19,65,0.5705229793977813,1.0839936608557845,3.7083993660855783,1.6545166402535658,0.4461538461538462
Terrence Shannon Jr.,MIN,32,339,7,5,27,0.7433628318584071,0.5309734513274336,2.8672566371681416,1.2743362831858407,0.4444444444444444
Pat Connaughton,MIL,41,603,9,11,45,0.5373134328358209,0.6567164179104478,2.6865671641791042,1.1940298507462686,0.4444444444444444
Immanuel Quickley,TOR,33,918,23,4,61,0.9019607843137255,0.15686274509803924,2.3921568627450984,1.0588235294117647,0.44262295081967207
Danté Exum,DAL,20,372,12,3,34,1.161290322580645,0.29032258064516125,3.2903225806451615,1.4516129032258063,0.4411764705882352
Zach Collins,CHI,64,977,29,29,132,1.0685772773797337,1.0685772773797337,4.86386898669396,2.1371545547594675,0.4393939393939394
Bennedict Mathurin,IND,72,2149,47,24,162,0.7873429502093997,0.40204746393671476,2.713820381572824,1.1893904141461145,0.43827160493827166
Dennis Schröder,DET,75,2105,66,12,180,1.1287410926365795,0.20522565320665084,3.078384798099762,1.3339667458432303,0.43333333333333335
Shake Milton,LAL,57,836,25,4,67,1.076555023923445,0.17224880382775118,2.885167464114833,1.2488038277511961,0.4328358208955223
A.J. Lawson,TOR,26,486,13,6,44,0.9629629629629629,0.4444444444444444,3.2592592592592595,1.4074074074074074,0.43181818181818177
Jamal Shead,TOR,75,1467,58,10,158,1.4233128834355828,0.24539877300613497,3.8773006134969323,1.6687116564417177,0.43037974683544306
Noah Clowney,BKN,46,1042,24,21,105,0.8291746641074856,0.72552783109405,3.6276391554702494,1.5547024952015356,0.4285714285714286
Pelle Larsson,MIA,55,782,32,7,91,1.473145780051151,0.32225063938618925,4.189258312020461,1.7953964194373402,0.42857142857142855
LaMelo Ball,CHA,47,1505,54,13,157,1.2916943521594684,0.3109634551495017,3.7554817275747507,1.6026578073089701,0.4267515923566879
Ajay Mitchell,OKC,36,597,25,4,68,1.5075376884422111,0.24120603015075376,4.100502512562814,1.7487437185929648,0.4264705882352941
Kelly Olynyk,NOP,44,891,33,19,123,1.3333333333333333,0.7676767676767677,4.96969696969697,2.101010101010101,0.42276422764227645
Vince Williams Jr.,MEM,27,499,12,7,45,0.8657314629258517,0.5050100200400802,3.246492985971944,1.370741482965932,0.4222222222222222
Gabe Vincent,LAL,72,1527,51,13,152,1.2023575638506876,0.306483300589391,3.583497053045187,1.5088408644400786,0.42105263157894735
Andre Jackson Jr.,MIL,67,980,34,14,114,1.2489795918367346,0.5142857142857142,4.187755102040816,1.7632653061224488,0.42105263157894735
Devin Booker,PHX,75,2795,67,16,198,0.8629695885509839,0.20608228980322002,2.550268336314848,1.069051878354204,0.4191919191919192
Ben Sheppard,IND,63,1230,38,14,125,1.1121951219512196,0.40975609756097564,3.6585365853658534,1.5219512195121951,0.41600000000000004
Cody Williams,UTA,50,1060,23,16,95,0.781132075471698,0.5433962264150943,3.2264150943396226,1.3245283018867924,0.4105263157894737
Trendon Watford,BKN,44,913,27,12,95,1.0646221248630887,0.47316538882803943,3.7458926615553123,1.537787513691128,0.41052631578947363
Quinten Post,GSW,42,686,16,18,83,0.8396501457725948,0.9446064139941691,4.355685131195336,1.784256559766764,0.40963855421686746
Bogdan Bogdanović,LAC,54,1348,41,11,127,1.0949554896142433,0.2937685459940653,3.391691394658754,1.3887240356083086,0.4094488188976378
Kyle Filipowski,UTA,72,1522,48,22,171,1.1353482260183967,0.5203679369250985,4.044678055190539,1.655716162943495,0.40935672514619875
Corey Kispert,WAS,61,1602,26,14,98,0.5842696629213484,0.3146067415730337,2.202247191011236,0.8988764044943821,0.40816326530612246
De'Andre Hunter,CLE,64,1740,50,13,155,1.0344827586206897,0.2689655172413793,3.206896551724138,1.3034482758620691,0.40645161290322585
Jared McCain,PHI,23,592,15,0,37,0.9121621621621622,0.0,2.25,0.9121621621621622,0.40540540540540543
Jae'Sean Tate,HOU,52,588,26,7,82,1.5918367346938775,0.42857142857142855,5.020408163265306,2.020408163265306,0.40243902439024387
Bub Carrington,WAS,82,2458,54,21,190,0.790886899918633,0.30756712774613504,2.7827502034174123,1.098454027664768,0.39473684210526316
Maxi Kleber,LAL,34,637,9,17,66,0.5086342229199372,0.9607535321821037,3.729984301412873,1.469387755102041,0.393939393939394
Amir Coffey,LAC,72,1748,40,7,120,0.8237986270022883,0.14416475972540047,2.471395881006865,0.9679633867276888,0.39166666666666666
Cam Thomas,BKN,25,781,15,2,44,0.6914212548015364,0.09218950064020487,2.028169014084507,0.7836107554417413,0.38636363636363635
KJ Martin,UTA,43,912,17,22,101,0.6710526315789473,0.8684210526315789,3.986842105263158,1.539473684210526,0.3861386138613861
Gui Santos,GSW,56,762,25,10,91,1.1811023622047243,0.47244094488188976,4.299212598425197,1.6535433070866141,0.3846153846153846
Johnny Juzang,UTA,64,1270,39,8,126,1.105511811023622,0.22677165354330708,3.5716535433070864,1.332283464566929,0.373015873015873
Dillon Jones,OKC,54,552,16,4,54,1.0434782608695652,0.2608695652173913,3.5217391304347827,1.3043478260869565,0.37037037037037035
Collin Sexton,UTA,63,1758,47,6,144,0.962457337883959,0.12286689419795221,2.948805460750853,1.0853242320819112,0.3680555555555555
Anthony Gill,WAS,51,398,9,2,30,0.8140703517587939,0.18090452261306533,2.7135678391959797,0.9949748743718593,0.3666666666666667
Jaden Hardy,DAL,57,907,28,5,90,1.1113561190738699,0.1984564498346196,3.572216097023153,1.3098125689084894,0.36666666666666664
Max Strus,CLE,50,1273,26,12,104,0.7352710133542812,0.3393558523173606,2.941084053417125,1.0746268656716418,0.36538461538461536
Julian Strawther,DEN,65,1384,39,16,151,1.0144508670520231,0.41618497109826585,3.9277456647398843,1.430635838150289,0.3642384105960265
Hunter Tyson,DEN,51,400,10,6,44,0.9,0.54,3.96,1.44,0.36363636363636365
Tristan Thompson,CLE,40,328,2,11,36,0.21951219512195122,1.207317073170732,3.951219512195122,1.426829268292683,0.36111111111111116
Julius Randle,MIN,69,2226,47,16,175,0.7601078167115903,0.2587601078167116,2.830188679245283,1.0188679245283019,0.36000000000000004
Jaylen Wells,MEM,79,2044,44,8,146,0.7749510763209393,0.14090019569471623,2.571428571428571,0.9158512720156555,0.35616438356164387
Jett Howard,ORL,60,701,13,11,68,0.667617689015692,0.5649072753209701,3.492154065620542,1.232524964336662,0.35294117647058826
Colin Castleton,TOR,26,432,8,10,51,0.6666666666666666,0.8333333333333333,4.25,1.5,0.35294117647058826
Trey Jemison III,LAL,38,392,9,15,69,0.826530612244898,1.3775510204081634,6.336734693877551,2.2040816326530615,0.3478260869565218
Dalton Knecht,LAL,78,1494,24,8,93,0.5783132530120482,0.19277108433734938,2.2409638554216866,0.7710843373493975,0.3440860215053763
Duncan Robinson,MIA,74,1786,40,6,135,0.8062709966405375,0.12094064949608062,2.721164613661814,0.9272116461366181,0.34074074074074073
Vasilije Micic,PHX,41,785,15,0,45,0.6878980891719745,0.0,2.0636942675159236,0.6878980891719745,0.3333333333333333
Orlando Robinson,TOR,44,770,17,16,100,0.7948051948051948,0.7480519480519481,4.675324675324675,1.542857142857143,0.33
Domantas Sabonis,SAC,70,2429,48,26,229,0.7114038699053108,0.3853437628653767,3.3939892960065867,1.0967476327706875,0.3231441048034935
Jaylon Tyson,CLE,47,453,13,3,50,1.033112582781457,0.23841059602649006,3.9735099337748343,1.2715231788079469,0.31999999999999995
Dillon Brooks,HOU,75,2388,60,16,242,0.9045226130653267,0.24120603015075376,3.648241206030151,1.1457286432160805,0.3140495867768595
Jeff Green,HOU,32,396,6,4,32,0.5454545454545454,0.36363636363636365,2.909090909090909,0.9090909090909091,0.3125
AJ Johnson,WAS,29,638,12,3,50,0.677115987460815,0.16927899686520376,2.8213166144200628,0.8463949843260188,0.3
Jamison Battle,TOR,59,1042,17,10,92,0.5873320537428023,0.345489443378119,3.1785028790786947,0.9328214971209212,0.2934782608695652
Nick Smith Jr.,CHA,60,1369,17,6,79,0.44704163623082543,0.15777940102264426,2.077428780131483,0.6048210372534697,0.2911392405063291
AJ Green,MIL,73,1659,37,7,157,0.8028933092224232,0.15189873417721517,3.406871609403255,0.9547920433996384,0.2802547770700637
Jalen Wilson,BKN,79,2031,40,5,164,0.7090103397341212,0.08862629246676515,2.9069423929098965,0.7976366322008863,0.27439024390243905
Georges Niang,ATL,79,1697,28,14,201,0.5939893930465527,0.29699469652327637,4.263995285798468,0.8909840895698291,0.208955223880597
Doug McDermott,SAC,42,342,4,2,30,0.42105263157894735,0.21052631578947367,3.1578947368421053,0.631578947368421,0.19999999999999998
